Année;Nom région;Code région;Domaine de tension;Nb sites Photovoltaïque Enedis;Energie produite annuelle Photovoltaïque Enedis (MWh);Nb sites Eolien Enedis;Energie produite annuelle Eolien Enedis (MWh);Nb sites Hydraulique Enedis;Energie produite annuelle Hydraulique Enedis (MWh);Nb sites Bio Energie Enedis;Energie produite annuelle Bio Energie Enedis (MWh);Nb sites Cogénération Enedis;Energie produite annuelle Cogénération Enedis (MWh);Nb sites Autres filières Enedis;Energie produite annuelle Autres filières Enedis (MWh);geom;Geo Point 2D
2011;Provence-Alpes-Côte d'Azur;93;HTA;90;182032,8285;4;49648,276;72;346679,9623;14;317526,1355;47;256690,629;3;108,909;;
2011;Bretagne;53;HTA;15;5410,937205;96;1110337,353;19;10547,95437;13;130674,6369;24;212022,2171;9;1417,108;;
2012;Occitanie;76;HTA;239;382602,8071;83;1570395,602;460;1069959,405;18;375336,1425;23;271361,3444;16;925,2138767;;
2013;Hauts-de-France;32;HTA;14;29988,479;169;3020366,557;9;3463,448125;27;404631,2343;67;646761,9388;6;79,765;;
2013;Nouvelle-Aquitaine;75;HTA;103;316270,0899;21;366897,2886;216;674639,3412;21;222811,482;41;209716,7562;12;470,597;;
2013;Pays de la Loire;52;HTA;28;30175,22779;59;983117,6391;21;11399,1009;20;305654,3249;52;387204,9682;1;3,714;;
2013;Centre-Val de Loire;24;HTA;7;21035,515;55;1140563,989;16;54687,28235;14;244151,5392;27;239575,5272;0;0;;
2014;Nouvelle-Aquitaine;75;HTA;141;508965,5655;24;426928,8982;222;647709,156;27;247363,2847;38;180398,9831;12;556,45;;
2014;Hauts-de-France;32;HTA;14;29600,905;198;3352412,886;9;3461,071;31;404914,1434;66;568146,7153;6;486,311;;
2015;Hauts-de-France;32;HTA;13;29864,392;225;4577737,701;9;3168,092641;34;435955,8364;64;538672,348;6;337,989;;
2016;Nouvelle-Aquitaine;75;HTA;180;1030118,686;29;511650,841;225;606197,1486;34;380453,239;44;247029,089;13;1500,628;;
2016;Provence-Alpes-Côte d'Azur;93;HTA;200;862508,152;6;61409,396;88;410046,044;22;439586,895;50;299922,148;10;2415,184;;
2016;Île-de-France;11;HTA;9;17007,636;4;60738,825;5;57747,989;31;808001,659;77;1053889,679;1;131,773;;
2017;Pays de la Loire;52;HTA;46;81168,707;89;1349431,576;24;8772,562;31;321859,306;68;467507,623;3;19069,169;;
2017;Auvergne-Rhône-Alpes;84;HTA;110;337217,602;62;960684,227;366;1260777,406;37;655472,081;68;496409,108;15;9491,053;;
2019;Hauts-de-France;32;HTA;16;42389,60483;347;7394648,332;10;3560,4385;41;548125,2344;78;652843,0852;3;27758,71933;;
2019;Occitanie;76;HTA;399;1351185,446;128;2538503,071;476;1126677,761;26;451989,449;30;219205,5396;16;414,2725;;
2020;BOURGOGNE FRANCHE COMTE;27;HTA;152;136384,0136;82;1794432,785;147;214589,4641;33;171106,6845;37;286680,9758;5;2199,002597;"{""type"": ""Polygon"", ""coordinates"": [[[6.0640056273, 46.4162225589], [6.0739298929, 46.4639495344], [6.1564422358, 46.5454715912], [6.1107441528, 46.5763142086], [6.285325501, 46.691242033], [6.4381050836, 46.7617512189], [6.4645775076, 46.8902105345], [6.4326749211, 46.928605526], [6.6403417207, 47.0027611232], [6.7140545271, 47.049123354], [6.7399139142, 47.1080518288], [6.858344423, 47.1643854504], [7.0622006909, 47.3441603874], [7.0161749063, 47.3718345054], [6.9173061224, 47.3561744498], [6.9831161167, 47.4933020082], [7.1303408019, 47.5030285676], [7.0862717367, 47.5925648489], [7.0049789727, 47.6193792719], [7.0463174146, 47.6715016173], [7.0159618971, 47.7432299961], [6.8634725872, 47.7851573658], [6.8428287756, 47.8129072404], [6.6455373161, 47.9040227789], [6.6017847199, 47.9444003341], [6.4786058642, 47.8855216539], [6.3661530483, 47.961943699], [6.2379829343, 47.9328404134], [6.1679889958, 47.9523529808], [6.1560578217, 48.0069431591], [6.072558604, 48.0156690501], [6.002266013, 47.9560886962], [5.9475278159, 47.9797120211], [5.8214368328, 47.8681778255], [5.690284568, 47.8186020602], [5.6900715815, 47.6848342602], [5.4063403298, 47.6734034974], [5.3547654342, 47.5913602933], [4.9791098414, 47.6877636902], [4.949605095, 47.7650062174], [4.9824009031, 47.8003509814], [4.9540995648, 47.8667671584], [4.7890783024, 48.0078285635], [4.5826732521, 48.0294627734], [4.5599635427, 47.9714241662], [4.4490036625, 47.9571519812], [4.1991540335, 47.9699414426], [4.1117817873, 47.9269983942], [3.9020918728, 47.9391682322], [3.8500279608, 47.9837915161], [3.8049696873, 48.1025468506], [3.7402966514, 48.1697095978], [3.6678669028, 48.1392110181], [3.6168016799, 48.2713435109], [3.4981541228, 48.3690980878], [3.4147888225, 48.3902685491], [3.3651606302, 48.3722824814], [3.0495229428, 48.3601167542], [3.0436326434, 48.2720205552], [2.9363157566, 48.1633917439], [3.0294681735, 48.1332044709], [3.1284487901, 47.9709768406], [3.0102886119, 47.9047169714], [3.0237994278, 47.7865501777], [2.8566700654, 47.7609291749], [2.8585167014, 47.7119910893], [2.9542289513, 47.6457741855], [2.9644517577, 47.5816323573], [2.848901233, 47.5375413406], [2.9288970093, 47.4445649313], [2.8734919392, 47.3483968596], [2.9834001334, 47.2597658796], [3.0280905153, 47.129064982], [3.0232191914, 47.0626123702], [3.0757442613, 47.0191481755], [3.0680961069, 46.8776803311], [3.0320629441, 46.7949093883], [3.0490666681, 46.7580807412], [3.2155446436, 46.6828927541], [3.2697959512, 46.7167418189], [3.3467035851, 46.6844181611], [3.4341396009, 46.7119078427], [3.4871533163, 46.6582561554], [3.5980006526, 46.7239834974], [3.6969575528, 46.660583033500004], [3.743289313, 46.5675652623], [3.890466581, 46.4812464575], [3.9980402829, 46.46546398], [3.9866271252, 46.319195576], [3.891238685, 46.2852461633], [3.8901309722, 46.214487049], [3.9887880884, 46.1698052603], [4.1040867377, 46.1983913581], [4.2610250986, 46.1787543635], [4.3893979879, 46.2136013601], [4.4058135315, 46.2960578056], [4.5039940949, 46.2671324622], [4.6185580581, 46.2647938946], [4.693109857, 46.302197476], [4.7305257875, 46.1783685849], [4.7802082627, 46.1766762027], [4.9400218107, 46.5171993736], [5.0523715346, 46.4848737906], [5.2011399666, 46.5082114048], [5.2150628404, 46.4683592975], [5.309835262, 46.4465639898], [5.4730515404, 46.2650665471], [5.542034019, 46.2702037948], [5.649344508, 46.3394945111], [5.72518184, 46.2607319348], [5.9089357777, 46.2839507856], [6.0640056273, 46.4162225589]]]}";47.2339113295, 4.80735856089
2011;Centre-Val de Loire;24;HTA;6;6158,737462;47;885592,4503;17;18566,00231;10;176539,647;28;327948,114;0;0;;
2011;Nouvelle-Aquitaine;75;HTA;67;130058,389;17;237676,4885;223;410589,282;14;110669,4016;50;349879,1958;10;274,9992632;;
2012;Nouvelle-Aquitaine;75;HTA;94;296359,7427;19;347966,136;226;519206,8872;19;182338,8654;42;305319,3394;12;614,3568957;;
2013;Normandie;28;HTA;10;26439,705;54;967696,9258;31;115407,6768;15;88350,65;39;385091,3414;11;212,634;;
2014;Bretagne;53;HTA;19;19198,991;113;1394369,376;19;18615,123;31;231664,4604;36;284033,3069;14;687,1863684;;
2014;Occitanie;76;HTA;285;651071,8783;90;1698903,087;461;1298198,898;20;375721,0367;19;184059,6997;16;846,0683333;;
2015;Bourgogne-Franche-Comté;27;HTA;14;35482,24039;40;695616,5601;130;206487,5918;15;130318,232;18;196804,9508;9;414,864;;
2015;Pays de la Loire;52;HTA;38;62862,14097;68;1222369,48;26;16195,7547;25;291228,599;55;402186,868;2;15496,84;;
2015;Bretagne;53;HTA;19;18917,663;116;1648768,145;19;17298,517;35;248701,9838;51;377755,1855;18;985,2539157;;
2015;Centre-Val de Loire;24;HTA;9;36023,72983;59;1331098,799;16;32115,56973;21;350068,3785;29;197860,5473;0;0;;
2017;Nouvelle-Aquitaine;75;HTA;220;1198246,182;37;555046,347;225;493014,007;37;408071,488;50;323755,044;12;19382,312;;
2017;Normandie;28;HTA;11;32135,809;81;1290584,774;31;115566,934;27;118696,365;43;443915,507;3;298,016;;
2018;Provence-Alpes-Côte d'Azur;93;HTA;232;934274,299;5;58141,61433;93;416368,943;22;424481,1143;55;414934,6952;9;803,0553333;;
2018;Occitanie;76;HTA;366;1124320,925;117;2182421,818;479;1449445,534;25;420631,8148;24;191992,6305;15;995,133;;
2020;NORMANDIE;28;HTA;83;71324,72165;96;2052394,675;31;110685,303;44;165840,3617;55;491716,5852;5;70,33464874;"{""type"": ""Polygon"", ""coordinates"": [[[0.7976584164, 48.1944549651], [0.8304836557, 48.2107087286], [0.7621943025, 48.3068766386], [0.9422460342, 48.3990048437], [0.9665514626, 48.522741687], [0.8506353644, 48.5826257083], [0.8124167297, 48.6678410643], [0.9614442076, 48.7257221363], [1.1847360438, 48.772630245], [1.3195444496, 48.7609614404], [1.3621823367, 48.8341799202], [1.4683545148, 48.8922155976], [1.5015266013, 48.9410518412], [1.4577570077, 49.0262945711], [1.5217716034, 49.0685466922], [1.6233233619, 49.0860784034], [1.7043588288, 49.2321972209], [1.7756247174, 49.2996936786], [1.7227989638, 49.4330579386], [1.7663409121, 49.466149422], [1.7045833965, 49.6053971426], [1.6895744512, 49.6947874273], [1.7579284899, 49.780795399], [1.6784507674, 49.9181305679], [1.3796981484, 50.0650118895], [1.1943755832, 49.9680332609], [1.0658975355, 49.9256093006], [0.5729387624, 49.8497170503], [0.3205558385, 49.741550113], [0.2116690274, 49.7144642788], [0.0656094311, 49.5125747793], [0.12123967, 49.4631943689], [0.1103853621, 49.3942656611], [-0.0133700092, 49.3212043446], [-0.2256948452, 49.2818195872], [-0.4148499724, 49.3355810035], [-0.7222446785, 49.3470042921], [-0.9393818728, 49.3950413996], [-1.0782159992, 49.3884935509], [-1.18253211, 49.4240175935], [-1.306359568, 49.538928237], [-1.229596734, 49.6246537752], [-1.2878440862, 49.6925958157], [-1.4211648985, 49.7037063173], [-1.541576095, 49.6541120045], [-1.6783904495, 49.6612334362], [-1.9422468301, 49.7255579265], [-1.9461839216, 49.6743435916], [-1.8602959829, 49.6501938538], [-1.8410258497, 49.5717334942], [-1.885691206, 49.5403898443], [-1.8267734463, 49.452912708], [-1.8198270387, 49.3904819399], [-1.7111719729, 49.3250946361], [-1.5988469664, 49.1692004187], [-1.6094145765, 49.0792816023], [-1.5607098811, 49.0014809583], [-1.594149551, 48.8347154532], [-1.5744027819, 48.7518505016], [-1.4491592197, 48.6234165134], [-1.571089438, 48.6264411481], [-1.4899417998, 48.4893723567], [-1.3772457352, 48.4582827533], [-1.2722481273, 48.5339203309], [-1.2065516679, 48.5422060873], [-1.0701643749, 48.5084920165], [-0.8598848426, 48.501426304], [-0.7572771527, 48.436552496], [-0.6540003356, 48.444278312], [-0.5050615508, 48.5057988275], [-0.3676233889, 48.4929443142], [-0.1693787826, 48.5369731561], [-0.1487176348, 48.4580692239], [-0.0518905893, 48.4532554132], [0.0624898723, 48.3822138672], [0.1162476859, 48.4355556594], [0.2958558882, 48.4801748598], [0.3639563299, 48.4516317207], [0.3826098968, 48.3338284113], [0.4875765403, 48.3077958582], [0.5359704949, 48.2498445592], [0.6832196691, 48.2485882219], [0.7378296384, 48.1890696268], [0.7976584164, 48.1944549651]]]}";49.1190525264, 0.102048629624
2020;PROVENCE ALPES COTE D AZUR;93;HTA;498;1290126,529;5;49031,84067;95;558830,2011;23;437616,984;70;389290,8678;6;2119,704333;"{""type"": ""MultiPolygon"", ""coordinates"": [[[[4.8922711847, 44.3616338133], [4.8816338902, 44.3248670699], [4.9785833048, 44.2974612378], [5.0157545107, 44.3927671368], [4.970437559300001, 44.4313672262], [4.8922711847, 44.3616338133]]], [[[4.230280885, 43.4601836607], [4.5549165863, 43.4462132742], [4.5627978196, 43.3721349418], [4.6617842756, 43.3464105268], [4.855044891, 43.3326185156], [4.8668499113, 43.4046781358], [4.967710382, 43.4261003317], [5.0410400765, 43.3272848302], [5.2405905351, 43.3317125973], [5.3110302222, 43.3608799965], [5.3620502254, 43.3219602504], [5.3636491662, 43.2071221057], [5.5369302938, 43.2144900752], [5.6008948126, 43.1625455123], [5.8127322116, 43.1093671562], [5.8574553138, 43.0466188736], [5.9412493839, 43.1076610876], [6.0314352379, 43.0774752593], [6.1240517993, 43.0793065063], [6.2652965375, 43.1210410225], [6.3682566797, 43.0899148717], [6.3875680182, 43.1449002533], [6.4934958462, 43.1502237294], [6.5596377555, 43.1886326376], [6.6355350266, 43.1725094483], [6.6773068762, 43.2787948266], [6.6659564384, 43.3182198338], [6.7398086752, 43.4128823868], [6.8594727968, 43.4181595273], [6.9179721529, 43.4477385354], [6.9718325906, 43.5454512967], [7.0404439377, 43.5415827815], [7.167665965, 43.6574016693], [7.3202887346, 43.6913287584], [7.5285185561, 43.7905176385], [7.4954411095, 43.8643557376], [7.567110139, 43.943674367], [7.6485982666, 43.9741095217], [7.7169378582, 44.0817628953], [7.6708532381, 44.1537368549], [7.5057396588, 44.1436488514], [7.4269527802, 44.1128748007], [7.2819657634, 44.1434486084], [7.1889131681, 44.197800735], [7.0080588995, 44.2364345184], [6.9934466941, 44.280889629], [6.896505442200001, 44.3743014339], [6.8540144372, 44.5291251133], [6.9335092809, 44.5759534545], [6.9870611833, 44.690137664], [7.0771048243, 44.6809149504], [6.9995699131, 44.7894438587], [7.0067725151, 44.8393160124], [6.8598658044, 44.8529034284], [6.7497507151, 44.9073593446], [6.740812155, 45.0167327729], [6.6738842245, 45.0196184393], [6.629992302, 45.1093249629], [6.4812555477, 45.0941389526], [6.3939107243, 45.0618177266], [6.3312951655, 45.1181238659], [6.2293919346, 45.1087499444], [6.2039233205, 45.012471073], [6.3182021616, 45.0038593611], [6.3588423782, 44.9412807958], [6.3553625022, 44.8547753527], [6.1362266704, 44.8640718192], [6.0563403817, 44.8159074308], [5.9495216337, 44.8045273557], [5.8503937497, 44.7507473724], [5.7906236817, 44.6532929048], [5.649631118, 44.6178846055], [5.5972525724, 44.5432736382], [5.6036448321, 44.4655424452], [5.5133416154, 44.4911259904], [5.4185330628, 44.424944615], [5.4930701488, 44.3371739495], [5.6315982014, 44.3283057155], [5.6844936764, 44.1927530534], [5.5761919645, 44.1880370346], [5.5439848356, 44.1363899112], [5.4547151333, 44.1192261325], [5.3832371389, 44.1552848108], [5.3845269212, 44.2010493372], [5.154899666, 44.2309414699], [5.1497309929, 44.2820864933], [5.0605607255, 44.3081371306], [4.8140898311, 44.2323147808], [4.762254989, 44.3253816215], [4.6790253293, 44.3204902352], [4.6492274235, 44.2703598077], [4.7220708851, 44.1874207076], [4.7074595244, 44.1036697441], [4.7879793576, 44.0650567756], [4.8421001716, 43.9864735428], [4.690546281, 43.8838986231], [4.5930346527, 43.6874596668], [4.4872344747, 43.6992413983], [4.4093533628, 43.5611268519], [4.2381030309, 43.497625146], [4.230280885, 43.4601836607]], [[5.0178344378, 43.469321193], [5.0154635062, 43.5297188593], [5.1086615061, 43.5254968155], [5.1496876212, 43.4570266581], [5.0703896716, 43.4002025922], [5.0178344378, 43.469321193]]]]}";43.9563023543, 6.05848222392
2020;OCCITANIE;76;HTA;757;1523603,981;133;2549224,569;459;1343386,316;28;429831,3502;49;208115,2977;8;6244,915167;"{""type"": ""Polygon"", ""coordinates"": [[[2.06290798, 44.9765045506], [1.9081575006, 44.9784231822], [1.8239145075, 44.9276833478], [1.6509774863, 45.0250133079], [1.5357229531, 45.0462758518], [1.4133042326, 44.9993818131], [1.4419256468, 44.8775756924], [1.2877769807, 44.7147846178], [1.1466756286, 44.6703461289], [1.1537948801, 44.6394089899], [1.0131652927, 44.5361298185], [1.0090202443, 44.480044617], [1.0574845115, 44.4276732115], [1.0497968481, 44.3626393664], [0.8873358283, 44.3663740532], [0.8734714024, 44.3233072321], [0.9499239237, 44.276443376], [0.8687787531, 44.1263270917], [0.7528786501, 44.10226791], [0.6665968347, 44.0251442718], [0.597977694, 44.0782245494], [0.3040911439, 43.9930608089], [0.1895713922, 44.014641613], [0.0763049204, 43.9828294585], [0.0325516022, 43.9001915071], [-0.0735971534, 43.9450460109], [-0.1791100533, 43.9379152311], [-0.1941382418, 43.7370150321], [-0.232584747, 43.7140856116], [-0.2777146535, 43.6162005262], [-0.2416171202, 43.5833899016], [-0.0967878717, 43.5824048565], [-0.0401354445, 43.5126043982], [-0.0690283428, 43.4373457438], [0.0095923342, 43.4221061765], [-0.0461225593, 43.3008584887], [-0.0170085263, 43.2704486462], [-0.1909805129, 43.111202819], [-0.2239464237, 43.0336840911], [-0.2915470319, 42.9877688635], [-0.3270823406, 42.9157852168], [-0.3134440845, 42.8493750211], [-0.1459966153, 42.7684694836], [-0.106113255, 42.7208272131], [-0.0106399737, 42.6843841172], [0.1757255526, 42.7364804306], [0.2598864428, 42.7158148006], [0.3596276175, 42.7233909027], [0.4292770313, 42.6907479605], [0.6822575418, 42.7089654246], [0.6445380642, 42.7830764113], [0.7083753005, 42.861402691], [0.8578728743, 42.8257572205], [0.9273270933, 42.789255631], [1.0751085868, 42.785348263], [1.1618506763, 42.7110436742], [1.3250225479, 42.7239012157], [1.3895995519, 42.6850855729], [1.4350570021, 42.6060736854], [1.549250869, 42.6557727223], [1.601468898, 42.6280402091], [1.7379681343, 42.611311357299996], [1.7298892804, 42.4953274927], [1.8346241667, 42.4817835455], [1.9582805852, 42.4240477548], [1.9859078905, 42.3620445825], [2.0835932962, 42.362697401], [2.1563381692, 42.4234238201], [2.257803923, 42.4383535366], [2.4354845211, 42.3888801741], [2.4829568103, 42.3396474222], [2.5778257715, 42.3579323397], [2.6717703199, 42.341177323], [2.6750400952, 42.4049709881], [2.7992434852, 42.4185713739], [2.8414158207, 42.4585218164], [3.0407584676, 42.473141908], [3.0854409736, 42.4255134728], [3.1732186032, 42.4348782932], [3.1335799244, 42.5129376827], [3.0602531213, 42.5355714564], [3.0374210506, 42.6238346417], [3.0393825875, 42.7991983316], [3.0655869638, 43.0216750647], [3.1683477733, 43.1573283483], [3.3438584523, 43.2703942218], [3.4303317007, 43.2902104351], [3.5109592064, 43.2733288404], [3.6621617057, 43.392279948], [3.7966687778, 43.4410385715], [3.9071379792, 43.5168455451], [4.0111840974, 43.5524466631], [4.1004270708, 43.5545157497], [4.1376704666, 43.4819494581], [4.230280885, 43.4601836607], [4.2381030309, 43.497625146], [4.4093533628, 43.5611268519], [4.4872344747, 43.6992413983], [4.5930346527, 43.6874596668], [4.690546281, 43.8838986231], [4.8421001716, 43.9864735428], [4.7879793576, 44.0650567756], [4.7074595244, 44.1036697441], [4.7220708851, 44.1874207076], [4.6492274235, 44.2703598077], [4.5035386973, 44.340187516], [4.3360706324, 44.3395191732], [4.2588499154, 44.2647837325], [4.1428714789, 44.3133517154], [4.051456644, 44.3173218081], [4.0684449499, 44.4051117353], [3.998224588, 44.4597978975], [3.9451514993, 44.5737899992], [3.9051707457, 44.5927089574], [3.8615128126, 44.7120169455], [3.8754615107, 44.7406269437], [3.7406494702, 44.8386973557], [3.4757711698, 44.8153706287], [3.4128322001, 44.9448416101], [3.3379420513, 44.955906998], [3.182317038, 44.8637354224], [3.1054945101, 44.8867748058], [2.998574264, 44.6744429657], [2.9232670004, 44.7286425252], [2.8496519747, 44.8714902308], [2.8019576506, 44.8736257551], [2.738258109, 44.9412194917], [2.6026823497, 44.8431631104], [2.5561225575, 44.7212839892], [2.4350008531, 44.6388749291], [2.3267908312, 44.669693386], [2.1941481718, 44.6262246079], [2.1552964923, 44.7002394425], [2.1716374993, 44.790027108], [2.094209764, 44.872012368200004], [2.06290798, 44.9765045506]]]}";43.7015701669, 2.14729690321
2020;HAUTS DE FRANCE;32;HTA;64;49430,09432;410;9582957,856;11;3634,21325;41;486100,3319;83;597491,141;11;96619,4875;"{""type"": ""Polygon"", ""coordinates"": [[[1.7043588288, 49.2321972209], [1.7421415991, 49.1801517243], [1.8852348791, 49.1626360276], [2.080885092, 49.2097739285], [2.2524813607, 49.152881479], [2.4409039786, 49.1458041116], [2.5966393582, 49.0816626297], [2.6332770991, 49.1083726342], [2.7350099333, 49.0604525157], [3.0085155423, 49.0915065604], [3.0696792706, 49.1167355356], [3.1652303377, 49.0996535544], [3.1716785231, 49.0141258888], [3.3047535825, 48.9487669653], [3.4032208419, 48.864690111], [3.4851833722, 48.8519103086], [3.5285709402, 48.912136555800004], [3.601595785, 48.9440738525], [3.646311559, 49.040590166], [3.6000114844, 49.1206900119], [3.7043892553, 49.1813694426], [3.6469573186, 49.3151525816], [3.8474758082, 49.3645893346], [3.9244391664, 49.406179032], [4.0354977853, 49.3599059443], [4.0407061704, 49.5085320077], [4.1270270055, 49.6779176053], [4.2500943396, 49.7570988494], [4.2095884562, 49.781777002], [4.2485056451, 49.8565181716], [4.2330628764, 49.9578247108], [4.1363736079, 50.0204612431], [4.2279959931, 50.066368977], [4.1998869422, 50.1310811124], [4.1269212644, 50.1350091206], [4.2218515439, 50.2569543838], [4.1366519412, 50.2742958366], [4.0376171727, 50.3429509019], [3.7474052054, 50.3509282412], [3.6582667948, 50.3713438943], [3.6642184659, 50.4531737602], [3.6130169489, 50.4924712247], [3.4739635798, 50.5335635453], [3.3738958439, 50.491827614900004], [3.2865243698, 50.527577616], [3.2485035849, 50.6380412189], [3.2583766478, 50.7006468166], [3.1520005086, 50.7823432923], [3.0613770335, 50.7805017475], [2.9380690678, 50.7443439268], [2.8983786417, 50.6942388029], [2.8132739835, 50.7169458325], [2.7174754083, 50.8136068242], [2.5995904645, 50.8533325338], [2.6326801579, 50.9460087655], [2.5430346061, 51.088543708], [2.4247543344, 51.0556216324], [2.3478325752, 51.0598296338], [2.1097045643, 51.0038275977], [1.9157790444, 50.984087355], [1.7288559802, 50.9378925404], [1.5806327685, 50.8673438296], [1.6042092031, 50.7918712762], [1.5607073854, 50.6996727655], [1.5854092274, 50.5373524076], [1.5379421307, 50.2826684072], [1.5902729859, 50.2559492912], [1.3796981484, 50.0650118895], [1.6784507674, 49.9181305679], [1.7579284899, 49.780795399], [1.6895744512, 49.6947874273], [1.7045833965, 49.6053971426], [1.7663409121, 49.466149422], [1.7227989638, 49.4330579386], [1.7756247174, 49.2996936786], [1.7043588288, 49.2321972209]]]}";49.9708645874, 2.76896564011
2020;GRAND EST;44;HTA;534;143504,7569;373;8365551,508;195;281244,9377;118;647880,4917;80;503215,2823;9;13444,47615;"{""type"": ""Polygon"", ""coordinates"": [[[3.4851833722, 48.8519103086], [3.435810347, 48.7535717105], [3.4604317355, 48.6530090774], [3.5459031083, 48.6280654789], [3.4234477695, 48.533559074], [3.3919585016, 48.4243176588], [3.4147888225, 48.3902685491], [3.4981541228, 48.3690980878], [3.6168016799, 48.2713435109], [3.6678669028, 48.1392110181], [3.7402966514, 48.1697095978], [3.8049696873, 48.1025468506], [3.8500279608, 47.9837915161], [3.9020918728, 47.9391682322], [4.1117817873, 47.9269983942], [4.1991540335, 47.9699414426], [4.4490036625, 47.9571519812], [4.5599635427, 47.9714241662], [4.5826732521, 48.0294627734], [4.7890783024, 48.0078285635], [4.9540995648, 47.8667671584], [4.9824009031, 47.8003509814], [4.949605095, 47.7650062174], [4.9791098414, 47.6877636902], [5.3547654342, 47.5913602933], [5.4063403298, 47.6734034974], [5.6900715815, 47.6848342602], [5.690284568, 47.8186020602], [5.8214368328, 47.8681778255], [5.9475278159, 47.9797120211], [6.002266013, 47.9560886962], [6.072558604, 48.0156690501], [6.1560578217, 48.0069431591], [6.1679889958, 47.9523529808], [6.2379829343, 47.9328404134], [6.3661530483, 47.961943699], [6.4786058642, 47.8855216539], [6.6017847199, 47.9444003341], [6.6455373161, 47.9040227789], [6.8428287756, 47.8129072404], [6.8634725872, 47.7851573658], [7.0159618971, 47.7432299961], [7.0463174146, 47.6715016173], [7.0049789727, 47.6193792719], [7.0862717367, 47.5925648489], [7.1730742136, 47.4471817889], [7.246298101, 47.422198455], [7.4034100435, 47.4355244902], [7.5067572708, 47.4956292121], [7.5034111797, 47.5419756467], [7.5927957926, 47.6017798536], [7.5223404694, 47.662321695], [7.556707292, 47.879941001], [7.6220859201, 47.9722724169], [7.5716202897, 48.0303761422], [7.5773157721, 48.1203711116], [7.7398754621, 48.3217493421], [7.7359720298, 48.4041616809], [7.8052011366, 48.5135730477], [7.8398216436, 48.6413774101], [7.9631443713, 48.7213556198], [7.9717522882, 48.7576315164], [8.096323281, 48.8103835932], [8.21434244, 48.9750964581], [8.0913803068, 48.9892598369], [7.9346229019, 49.0578111126], [7.8687912381, 49.0341586456], [7.8004419679, 49.0641147963], [7.6355545761, 49.0541518594], [7.539006423, 49.0920678322], [7.4399501768, 49.1807960224], [7.3650755027, 49.1718362947], [7.2986472513, 49.117456415], [7.0660953113, 49.1145820769], [7.0107084883, 49.188120339], [6.9354186817, 49.2221561622], [6.8353839856, 49.2113254728], [6.8345431951, 49.151466537], [6.7385082594, 49.1636612659], [6.669186219, 49.2806024189], [6.5658428249, 49.3473527416], [6.5522345196, 49.4233482097], [6.4301197079, 49.4764000203], [6.2965751756, 49.4801068315], [6.2564100413, 49.5100190398], [5.9889818118, 49.4533301782], [5.971776635, 49.4913200662], [5.8690865174, 49.4987784202], [5.8369587699, 49.5424754734], [5.6597739173, 49.5528689466], [5.4801260051, 49.5042048467], [5.4269132758, 49.5973449086], [5.2691845902, 49.6960716695], [5.1662014037, 49.6929145571], [5.0631783029, 49.7619242903], [4.8738789972, 49.8207958944], [4.8833077168, 49.8961807462], [4.7909101015, 49.9583976065], [4.8795586056, 50.1520314544], [4.7621611459, 50.1363951603], [4.6831845411, 50.0649187492], [4.6888729975, 49.995500125], [4.5930582012, 49.9855053692], [4.4469381022, 49.9375082185], [4.3336522041, 49.9635607461], [4.2330628764, 49.9578247108], [4.2485056451, 49.8565181716], [4.2095884562, 49.781777002], [4.2500943396, 49.7570988494], [4.1270270055, 49.6779176053], [4.0407061704, 49.5085320077], [4.0354977853, 49.3599059443], [3.9244391664, 49.406179032], [3.8474758082, 49.3645893346], [3.6469573186, 49.3151525816], [3.7043892553, 49.1813694426], [3.6000114844, 49.1206900119], [3.646311559, 49.040590166], [3.601595785, 48.9440738525], [3.5285709402, 48.912136555800004], [3.4851833722, 48.8519103086]]]}";48.688737088, 5.61552005989
2011;Bourgogne-Franche-Comté;27;HTA;7;2873,019207;12;153891,7404;131;178651,2295;9;107907,0122;22;278770,0261;4;247,968165;;
2011;Occitanie;76;HTA;150;163983,077;78;1412877,653;453;966396,6731;17;350650,0584;25;306465,3058;7;428,55984;;
2012;Centre-Val de Loire;24;HTA;7;21289,15805;49;1159912,939;17;37353,50166;11;190429,9339;28;297674,356;0;0;;
2012;Grand-Est;44;HTA;24;41984,54768;174;3343073,091;173;250577,4865;21;193703,6898;51;585205,4363;13;706,8732397;;
2013;Auvergne-Rhône-Alpes;84;HTA;71;129473,3815;47;695851,681;306;1585419,736;32;532262,4694;56;423228,2412;10;906,671;;
2014;Auvergne-Rhône-Alpes;84;HTA;81;207227,6428;49;713991,7193;324;1489090,919;33;618822,5375;52;435130,1608;14;508,383;;
2015;Grand-Est;44;HTA;27;53365,1;243;4866659,387;174;223106,5174;35;317970,7116;48;414333,2915;13;1242,635;;
2015;Normandie;28;HTA;10;33834,069;67;1258107,885;30;101389,155;21;111352,6519;36;362119,376;11;587,624;;
2017;Grand-Est;44;HTA;35;61010,859;299;5256576,569;178;234070,114;49;386109,121;53;409789,501;15;6974,079;;
2016;Hauts-de-France;32;HTA;13;29228,373;262;4409112,28;8;3885,212;36;463815,305;71;544077,375;6;1468,746;;
2016;Pays de la Loire;52;HTA;41;69116,431;79;1256025,272;24;16520,463;28;307391,643;59;426255,243;2;27136,99;;
2018;Hauts-de-France;32;HTA;15;32514,0785;305;6020268,969;10;4019,284;42;556860,0622;72;584488,0678;2;210,7543333;;
2020;CENTRE VAL DE LOIRE;24;HTA;122;107952,8285;97;2320228,326;19;41437,34375;23;368771,809;38;204184,1551;0;0;"{""type"": ""Polygon"", ""coordinates"": [[[0.053830056, 47.1637337475], [0.1742180293, 47.071274231], [0.2982299258, 47.0539222927], [0.3007387966, 46.9738295189], [0.4387045763, 46.9295783538], [0.5061349705, 46.9592454189], [0.692566768, 46.9743043096], [0.7043177119, 46.9032959213], [0.790328569, 46.8523892822], [0.8119019294, 46.7945043636], [0.9247492906, 46.6927896327], [0.8943032961, 46.6257321744], [1.145928878, 46.5064008737], [1.1772787761, 46.3839479995], [1.4143961094, 46.347792873], [1.5223067602, 46.4265276945], [1.6448463938, 46.3868167485], [1.7277096608, 46.3889559972], [1.8195044214, 46.4300338766], [1.9930771581, 46.4309173425], [2.0889457685, 46.4088996154], [2.2810437278, 46.4204035468], [2.3520036092, 46.5122068443], [2.614960706, 46.5532764546], [2.5966478586, 46.6372150668], [2.7049698717, 46.7393899921], [2.7744893811, 46.7189028964], [2.9599186279, 46.8038720753], [3.0320629441, 46.7949093883], [3.0680961069, 46.8776803311], [3.0757442613, 47.0191481755], [3.0232191914, 47.0626123702], [3.0280905153, 47.129064982], [2.9834001334, 47.2597658796], [2.8734919392, 47.3483968596], [2.9288970093, 47.4445649313], [2.848901233, 47.5375413406], [2.9644517577, 47.5816323573], [2.9542289513, 47.6457741855], [2.8585167014, 47.7119910893], [2.8566700654, 47.7609291749], [3.0237994278, 47.7865501777], [3.0102886119, 47.9047169714], [3.1284487901, 47.9709768406], [3.0294681735, 48.1332044709], [2.9363157566, 48.1633917439], [2.7989459319, 48.1682730522], [2.7065430376, 48.1248192348], [2.5381145999, 48.1406508228], [2.5061863935, 48.238532108], [2.4207604701, 48.2992532779], [2.1813553737, 48.3137463721], [2.0046771416, 48.2847705697], [1.9428970139, 48.4410837861], [1.8014512894, 48.4660862143], [1.7653228552, 48.5693745675], [1.7092486768, 48.5780261001], [1.5795403954, 48.7018118078], [1.5912058811, 48.8148669729], [1.5015266013, 48.9410518412], [1.4683545148, 48.8922155976], [1.3621823367, 48.8341799202], [1.3195444496, 48.7609614404], [1.1847360438, 48.772630245], [0.9614442076, 48.7257221363], [0.8124167297, 48.6678410643], [0.8506353644, 48.5826257083], [0.9665514626, 48.522741687], [0.9422460342, 48.3990048437], [0.7621943025, 48.3068766386], [0.8304836557, 48.2107087286], [0.7976584164, 48.1944549651], [0.8525752195, 48.1336021735], [0.8242805734, 47.9821420362], [0.8457937919, 47.9414031394], [0.7598694159, 47.898224938], [0.7745735854, 47.8396844938], [0.5805204167, 47.7123307629], [0.6046373805, 47.6799684811], [0.4566280415, 47.6388263527], [0.3789542711, 47.5691048046], [0.2310198975, 47.6095410767], [0.2201066441, 47.5019523332], [0.1852789916, 47.4247361152], [0.0789789602, 47.2828221551], [0.053830056, 47.1637337475]]]}";47.4821212659, 1.68542522646
2020;PAYS DE LA LOIRE;52;HTA;218;175110,8701;115;2395309,694;29;19391,02123;40;383278,2959;94;623604,7655;8;91,14363151;"{""type"": ""Polygon"", ""coordinates"": [[[-1.1294064332, 46.3102723279], [-1.0138097056, 46.3556228689], [-0.9348939819, 46.312857623], [-0.8398845705, 46.3403670987], [-0.7502067812, 46.3041711873], [-0.5576474492, 46.3634513526], [-0.6406468691, 46.4162246637], [-0.6021324496, 46.5332795242], [-0.6141139929, 46.6203912896], [-0.6561932574, 46.7007745165], [-0.7273120462, 46.7676306547], [-0.7008577279, 46.8086258123], [-0.7816460026, 46.842827644], [-0.8291494587, 46.9333618604], [-0.7738784459, 47.0042476686], [-0.6199793575, 46.9933210828], [-0.5595316344, 47.0618831322], [-0.400781969, 47.0707682577], [-0.1848382972, 47.108333434], [-0.1283786613, 47.0544290407], [-0.044169214, 47.0932397804], [-0.0107394143, 47.1575121497], [0.053830056, 47.1637337475], [0.0789789602, 47.2828221551], [0.1852789916, 47.4247361152], [0.2201066441, 47.5019523332], [0.2310198975, 47.6095410767], [0.3789542711, 47.5691048046], [0.4566280415, 47.6388263527], [0.6046373805, 47.6799684811], [0.5805204167, 47.7123307629], [0.7745735854, 47.8396844938], [0.7598694159, 47.898224938], [0.8457937919, 47.9414031394], [0.8242805734, 47.9821420362], [0.8525752195, 48.1336021735], [0.7976584164, 48.1944549651], [0.7378296384, 48.1890696268], [0.6832196691, 48.2485882219], [0.5359704949, 48.2498445592], [0.4875765403, 48.3077958582], [0.3826098968, 48.3338284113], [0.3639563299, 48.4516317207], [0.2958558882, 48.4801748598], [0.1162476859, 48.4355556594], [0.0624898723, 48.3822138672], [-0.0518905893, 48.4532554132], [-0.1487176348, 48.4580692239], [-0.1693787826, 48.5369731561], [-0.3676233889, 48.4929443142], [-0.5050615508, 48.5057988275], [-0.6540003356, 48.444278312], [-0.7572771527, 48.436552496], [-0.8598848426, 48.501426304], [-1.0701643749, 48.5084920165], [-1.0827926456, 48.4330573788], [-1.045019599, 48.3277287276], [-1.1000554557, 48.2592776115], [-1.0212596212, 47.9949393086], [-1.1539896712, 47.9658166433], [-1.2458850129, 47.77671745], [-1.3904289319, 47.8282762571], [-1.5934046638, 47.776049297], [-1.6548173401, 47.7125893135], [-1.8640156729, 47.7069809654], [-2.0747327429, 47.6516629644], [-2.1073294073, 47.5310543791], [-2.3128644981, 47.4644707264], [-2.4584933201, 47.4481233293], [-2.5341061628, 47.3829612813], [-2.5138083846, 47.2983757331], [-2.3983798515, 47.2814487563], [-2.3016402823, 47.236400031], [-2.1873608303, 47.2806223608], [-2.1670631605, 47.166180557], [-2.2268201491, 47.1309359889], [-2.0534773711, 47.0941168735], [-1.9806006733, 47.0279512216], [-2.1538239816, 46.8901493992], [-2.1445060317, 46.8263991686], [-1.9428758596, 46.6927061144], [-1.8560152427, 46.6085807341], [-1.8123442739, 46.4934165652], [-1.6270620551, 46.4142205885], [-1.5021398542, 46.3973452334], [-1.4659374487, 46.3423564649], [-1.3667385251, 46.3486116368], [-1.2073980363, 46.266566974], [-1.1294064332, 46.3102723279]]]}";47.4769248845, -0.812825655044
2013;Bretagne;53;HTA;19;18657,49417;108;1404134,777;19;17197,50206;25;189321,8213;28;222551,5989;12;360,629;;
2013;Provence-Alpes-Côte d'Azur;93;HTA;149;443742,8737;4;65425,709;75;373687,4782;17;388966,5545;39;206493,6076;7;223,028;;
2014;Bourgogne-Franche-Comté;27;HTA;13;27436,74441;31;375402,5683;131;251511,019;15;126469,3861;18;167336,5483;9;1403,925;;
2014;Provence-Alpes-Côte d'Azur;93;HTA;166;627022,8733;5;57732,79857;82;418926,0576;20;349555,2931;40;240207,5196;8;3820,895;;
2014;Centre-Val de Loire;24;HTA;7;23292,736;56;1203228,307;16;46536,40028;20;289851,9374;26;194270,392;0;0;;
2015;Île-de-France;11;HTA;9;19613,649;4;52585,82278;5;55099,717;30;828528,7787;75;1014946,056;1;87,773;;
2015;Auvergne-Rhône-Alpes;84;HTA;85;286962,7238;51;750364,0195;347;1299149,156;36;621685,959;54;402790,4628;14;487,414;;
2017;Bourgogne-Franche-Comté;27;HTA;18;42381,156;62;1022646,004;138;190150,796;19;142437,049;22;223412,79;10;1723,28;;
2017;Provence-Alpes-Côte d'Azur;93;HTA;232;957663,938;6;66969,188;95;365317,1;22;447610,102;58;349160,768;9;1348,971;;
2019;Centre-Val de Loire;24;HTA;15;56968,77475;80;1850784,483;17;25470,38767;21;370076,9145;36;221807,7657;0;0;;
2018;Grand-Est;44;HTA;34;70998,47833;299;5790768,804;175;256680,1648;47;415613,4377;51;353178,4365;13;1465,642167;;
2018;Auvergne-Rhône-Alpes;84;HTA;108;364670,6328;62;980367,0378;359;1615699,524;37;681450,3076;67;505828,189;12;464,5858333;;
2019;Île-de-France;11;HTA;16;21377,4602;9;195924,0672;6;62045,48083;31;774752,4837;79;1083677,602;1;5,378;;
2011;Île-de-France;11;HTA;6;1371,026802;2;13838,09056;5;35898,722;26;757716,4972;82;1198851,085;0;0;;
2011;Grand-Est;44;HTA;19;13840,99408;150;2535555,963;172;174145,4934;17;176553,313;53;593663,9881;13;655,165;;
2011;Hauts-de-France;32;HTA;11;3943,831355;131;2331803,43;10;2893,44965;21;321200,037;75;761886,0571;6;256,934;;
2011;Auvergne-Rhône-Alpes;84;HTA;41;42587,51048;47;606347,8981;309;978646,4424;25;389710,4689;61;551780,2658;11;319,884991;;
2013;Occitanie;76;HTA;258;427575,0874;86;1676295,557;450;1386564,848;19;389715,2611;20;202462,1103;16;681,5640958;;
2013;Bourgogne-Franche-Comté;27;HTA;11;12918,62001;18;288054,523;132;286586,0169;13;110833,316;19;189840,1859;8;599,059;;
2014;Grand-Est;44;HTA;26;47684,72367;221;3805801,887;172;246182,3483;29;276880,3491;43;414833,9019;13;820,654;;
2014;Pays de la Loire;52;HTA;35;39457,80248;62;1071174,211;25;20825,04633;21;315556,7288;52;401064,453;1;93,648;;
2014;Île-de-France;11;HTA;9;19037,50533;2;37832,066;5;52098,877;27;834690,8023;70;933573,6348;1;40,43;;
2017;Île-de-France;11;HTA;14;18453,524;9;127003,848;5;58677,045;33;843470,162;79;1046621,044;1;89,099;;
2020;AUVERGNE RHONE ALPES;84;HTA;477;638478,2153;72;1099157,983;357;1623808,484;49;668346,7488;84;500101,15;6;4160,57175;"{""type"": ""Polygon"", ""coordinates"": [[[4.6492274235, 44.2703598077], [4.6790253293, 44.3204902352], [4.762254989, 44.3253816215], [4.8140898311, 44.2323147808], [5.0605607255, 44.3081371306], [5.1497309929, 44.2820864933], [5.154899666, 44.2309414699], [5.3845269212, 44.2010493372], [5.3832371389, 44.1552848108], [5.4547151333, 44.1192261325], [5.5439848356, 44.1363899112], [5.5761919645, 44.1880370346], [5.6844936764, 44.1927530534], [5.6315982014, 44.3283057155], [5.4930701488, 44.3371739495], [5.4185330628, 44.424944615], [5.5133416154, 44.4911259904], [5.6036448321, 44.4655424452], [5.5972525724, 44.5432736382], [5.649631118, 44.6178846055], [5.7906236817, 44.6532929048], [5.8503937497, 44.7507473724], [5.9495216337, 44.8045273557], [6.0563403817, 44.8159074308], [6.1362266704, 44.8640718192], [6.3553625022, 44.8547753527], [6.3588423782, 44.9412807958], [6.3182021616, 45.0038593611], [6.2039233205, 45.012471073], [6.2293919346, 45.1087499444], [6.3312951655, 45.1181238659], [6.3939107243, 45.0618177266], [6.4812555477, 45.0941389526], [6.629992302, 45.1093249629], [6.7679412928, 45.159739939], [6.8498552799, 45.1271645438], [6.968762081, 45.208057678], [7.137592718, 45.2556929798], [7.1106925788, 45.3265087955], [7.1842712161, 45.4074843704], [7.0997838904, 45.4694377497], [7.0003315139, 45.5044144977], [7.0006916862, 45.6398997492], [6.9346140945, 45.6470939276], [6.8291131566, 45.7028310393], [6.8020647988, 45.7799675995], [6.8180784499, 45.8349742689], [6.9396088642, 45.8467328701], [7.0438913499, 45.922087092699996], [7.0182519988, 45.9841853043], [6.8147295131, 46.129695648], [6.8036633002, 46.204343363], [6.864510831400001, 46.2829862279], [6.7826406405, 46.3368794456], [6.7956711769, 46.3930887437], [6.722864839, 46.4075504263], [6.5451764297, 46.3947246194], [6.3900333914, 46.3401630115], [6.2799144692, 46.3510934573], [6.2377992708, 46.2773369198], [6.2956514855, 46.226054581], [6.1266206934, 46.140460017], [5.985316810500001, 46.143308955], [5.971781266, 46.2115194872], [6.1242461803, 46.2510156503], [6.102643545, 46.2850629239], [6.1697363569, 46.3679352064], [6.0640056273, 46.4162225589], [5.9089357777, 46.2839507856], [5.72518184, 46.2607319348], [5.649344508, 46.3394945111], [5.542034019, 46.2702037948], [5.4730515404, 46.2650665471], [5.309835262, 46.4465639898], [5.2150628404, 46.4683592975], [5.2011399666, 46.5082114048], [5.0523715346, 46.4848737906], [4.9400218107, 46.5171993736], [4.7802082627, 46.1766762027], [4.7305257875, 46.1783685849], [4.693109857, 46.302197476], [4.6185580581, 46.2647938946], [4.5039940949, 46.2671324622], [4.4058135315, 46.2960578056], [4.3893979879, 46.2136013601], [4.2610250986, 46.1787543635], [4.1040867377, 46.1983913581], [3.9887880884, 46.1698052603], [3.8901309722, 46.214487049], [3.891238685, 46.2852461633], [3.9866271252, 46.319195576], [3.9980402829, 46.46546398], [3.890466581, 46.4812464575], [3.743289313, 46.5675652623], [3.6969575528, 46.660583033500004], [3.5980006526, 46.7239834974], [3.4871533163, 46.6582561554], [3.4341396009, 46.7119078427], [3.3467035851, 46.6844181611], [3.2697959512, 46.7167418189], [3.2155446436, 46.6828927541], [3.0490666681, 46.7580807412], [3.0320629441, 46.7949093883], [2.9599186279, 46.8038720753], [2.7744893811, 46.7189028964], [2.7049698717, 46.7393899921], [2.5966478586, 46.6372150668], [2.614960706, 46.5532764546], [2.3520036092, 46.5122068443], [2.2810437278, 46.4204035468], [2.3230230945, 46.3292774472], [2.391858138, 46.3299851632], [2.4789445821, 46.2811459906], [2.5597996291, 46.1733665585], [2.5490488888, 46.1140750057], [2.5944202186, 45.9894409749], [2.492227988, 45.8640299353], [2.3880140207, 45.8273731679], [2.4846414659, 45.7485214655], [2.5283596411, 45.681924314], [2.4653445128, 45.6008201491], [2.5163271749, 45.5534283918], [2.4874717094, 45.4188420292], [2.3782501191, 45.4143022094], [2.3504806858, 45.3275609226], [2.195363699, 45.2208514173], [2.2137008321, 45.160189965], [2.1717594845, 45.0814968017], [2.0951568732, 45.0560334648], [2.1329815747, 44.9855160375], [2.06290798, 44.9765045506], [2.094209764, 44.872012368200004], [2.1716374993, 44.790027108], [2.1552964923, 44.7002394425], [2.1941481718, 44.6262246079], [2.3267908312, 44.669693386], [2.4350008531, 44.6388749291], [2.5561225575, 44.7212839892], [2.6026823497, 44.8431631104], [2.738258109, 44.9412194917], [2.8019576506, 44.8736257551], [2.8496519747, 44.8714902308], [2.9232670004, 44.7286425252], [2.998574264, 44.6744429657], [3.1054945101, 44.8867748058], [3.182317038, 44.8637354224], [3.3379420513, 44.955906998], [3.4128322001, 44.9448416101], [3.4757711698, 44.8153706287], [3.7406494702, 44.8386973557], [3.8754615107, 44.7406269437], [3.8615128126, 44.7120169455], [3.9051707457, 44.5927089574], [3.9451514993, 44.5737899992], [3.998224588, 44.4597978975], [4.0684449499, 44.4051117353], [4.051456644, 44.3173218081], [4.1428714789, 44.3133517154], [4.2588499154, 44.2647837325], [4.3360706324, 44.3395191732], [4.5035386973, 44.340187516], [4.6492274235, 44.2703598077]], [[4.8922711847, 44.3616338133], [4.970437559300001, 44.4313672262], [5.0157545107, 44.3927671368], [4.9785833048, 44.2974612378], [4.8816338902, 44.3248670699], [4.8922711847, 44.3616338133]]]}";45.5129424657, 4.53485143815
2019;Nouvelle-Aquitaine;75;HTA;244;1671302,492;40;870547,2246;226;538159,777;42;557543,4434;55;334951,1526;9;428,3848333;;
2019;Bretagne;53;HTA;27;24012,47134;136;1909942,318;19;15535,46592;45;334187,5776;107;800623,7893;17;436,2621667;;
2019;Auvergne-Rhône-Alpes;84;HTA;133;521081,7642;68;1144244,626;363;1588255,06;38;703344,1606;68;496872,8842;12;157,9816667;;
2019;Bourgogne-Franche-Comté;27;HTA;23;124647,425;69;1533006,008;143;245692,2715;24;149620,5958;28;291950,124;8;29,50291667;;
2016;Bourgogne-Franche-Comté;27;HTA;14;39713,188;48;772217,663;134;261541,216;16;123432,915;18;195048,592;10;977,01;;
2016;Bretagne;53;HTA;19;18518,635;125;1469729,292;19;15589,352;38;257433,2847;78;541251,962;17;1474,823;;
2016;Occitanie;76;HTA;347;963301,362;101;1929380;474;1261968,067;22;431239,291;23;176301,101;16;1614,955;;
2018;Centre-Val de Loire;24;HTA;12;43056,162;70;1461816,362;17;15662,07467;21;368544,1935;30;227511,7728;0;0;;
2020;NOUVELLE AQUITAINE;75;HTA;600;1878177,293;58;1157838,974;232;600596,9784;50;549837,2265;76;366932,2403;29;14880,08073;"{""type"": ""MultiPolygon"", ""coordinates"": [[[[-1.1294064332, 46.3102723279], [-1.1111664092, 46.2613426844], [-1.1990017582, 46.2132435463], [-1.223870371, 46.1659463602], [-1.1264071987, 46.1242603574], [-1.0526895091, 46.0111825917], [-1.0643262929, 45.9499115462], [-1.137157981, 45.8198987082], [-1.2425689959, 45.7815753448], [-1.237223219, 45.7058956185], [-1.0096347332, 45.6114365304], [-1.0912045614, 45.5624112361], [-1.1570373594, 45.4703656599], [-1.1623374418, 45.2978687936], [-1.2229034641, 44.8648233979], [-1.1605278218, 44.7746669425], [-1.0363621413, 44.6935616054], [-1.0807927356, 44.6405991557], [-1.1915382412, 44.6607257036], [-1.2602783216, 44.5395075945], [-1.2514054654, 44.4888884033], [-1.3123263437, 44.144797833], [-1.4482076265, 43.6422750063], [-1.5973883732, 43.4374926565], [-1.7620222428, 43.3758873151], [-1.7297489236, 43.2956788589], [-1.6657592291, 43.3140786913], [-1.6089315872, 43.2521292479], [-1.5053259722, 43.2927875108], [-1.3827864939, 43.2532970078], [-1.4139466293, 43.1291782111], [-1.4717368567, 43.0810966133], [-1.3547517961, 43.0284680458], [-1.3432982771, 43.0953800339], [-1.0064490905, 42.9889920182], [-0.9464551138, 42.9540583989], [-0.7516340962, 42.9669372731], [-0.7297565855, 42.8965584493], [-0.5438096663, 42.7931567047], [-0.5096505518, 42.8253914967], [-0.3925973435, 42.7995594313], [-0.3134440845, 42.8493750211], [-0.3270823406, 42.9157852168], [-0.2915470319, 42.9877688635], [-0.2239464237, 43.0336840911], [-0.1909805129, 43.111202819], [-0.0170085263, 43.2704486462], [-0.0461225593, 43.3008584887], [0.0095923342, 43.4221061765], [-0.0690283428, 43.4373457438], [-0.0401354445, 43.5126043982], [-0.0967878717, 43.5824048565], [-0.2416171202, 43.5833899016], [-0.2777146535, 43.6162005262], [-0.232584747, 43.7140856116], [-0.1941382418, 43.7370150321], [-0.1791100533, 43.9379152311], [-0.0735971534, 43.9450460109], [0.0325516022, 43.9001915071], [0.0763049204, 43.9828294585], [0.1895713922, 44.014641613], [0.3040911439, 43.9930608089], [0.597977694, 44.0782245494], [0.6665968347, 44.0251442718], [0.7528786501, 44.10226791], [0.8687787531, 44.1263270917], [0.9499239237, 44.276443376], [0.8734714024, 44.3233072321], [0.8873358283, 44.3663740532], [1.0497968481, 44.3626393664], [1.0574845115, 44.4276732115], [1.0090202443, 44.480044617], [1.0131652927, 44.5361298185], [1.1537948801, 44.6394089899], [1.1466756286, 44.6703461289], [1.2877769807, 44.7147846178], [1.4419256468, 44.8775756924], [1.4133042326, 44.9993818131], [1.5357229531, 45.0462758518], [1.6509774863, 45.0250133079], [1.8239145075, 44.9276833478], [1.9081575006, 44.9784231822], [2.1329815747, 44.9855160375], [2.0951568732, 45.0560334648], [2.1717594845, 45.0814968017], [2.2137008321, 45.160189965], [2.195363699, 45.2208514173], [2.3504806858, 45.3275609226], [2.3782501191, 45.4143022094], [2.4874717094, 45.4188420292], [2.5163271749, 45.5534283918], [2.4653445128, 45.6008201491], [2.5283596411, 45.681924314], [2.4846414659, 45.7485214655], [2.3880140207, 45.8273731679], [2.492227988, 45.8640299353], [2.5944202186, 45.9894409749], [2.5490488888, 46.1140750057], [2.5597996291, 46.1733665585], [2.4789445821, 46.2811459906], [2.391858138, 46.3299851632], [2.3230230945, 46.3292774472], [2.2810437278, 46.4204035468], [2.0889457685, 46.4088996154], [1.9930771581, 46.4309173425], [1.8195044214, 46.4300338766], [1.7277096608, 46.3889559972], [1.6448463938, 46.3868167485], [1.5223067602, 46.4265276945], [1.4143961094, 46.347792873], [1.1772787761, 46.3839479995], [1.145928878, 46.5064008737], [0.8943032961, 46.6257321744], [0.9247492906, 46.6927896327], [0.8119019294, 46.7945043636], [0.790328569, 46.8523892822], [0.7043177119, 46.9032959213], [0.692566768, 46.9743043096], [0.5061349705, 46.9592454189], [0.4387045763, 46.9295783538], [0.3007387966, 46.9738295189], [0.2982299258, 47.0539222927], [0.1742180293, 47.071274231], [0.053830056, 47.1637337475], [-0.0107394143, 47.1575121497], [-0.044169214, 47.0932397804], [-0.1283786613, 47.0544290407], [-0.1848382972, 47.108333434], [-0.400781969, 47.0707682577], [-0.5595316344, 47.0618831322], [-0.6199793575, 46.9933210828], [-0.7738784459, 47.0042476686], [-0.8291494587, 46.9333618604], [-0.7816460026, 46.842827644], [-0.7008577279, 46.8086258123], [-0.7273120462, 46.7676306547], [-0.6561932574, 46.7007745165], [-0.6141139929, 46.6203912896], [-0.6021324496, 46.5332795242], [-0.6406468691, 46.4162246637], [-0.5576474492, 46.3634513526], [-0.7502067812, 46.3041711873], [-0.8398845705, 46.3403670987], [-0.9348939819, 46.312857623], [-1.0138097056, 46.3556228689], [-1.1294064332, 46.3102723279]]], [[[-1.250259515, 45.8459634541], [-1.2235741053, 45.9131071938], [-1.247919796, 45.9904184253], [-1.3839170491, 45.9514453897], [-1.250259515, 45.8459634541]]]]}";45.2029590664, 0.210623296022
2020;ILE DE FRANCE;11;HTA;111;60117,85176;12;312379,0252;6;44357,0855;31;822941,306;80;1034025,132;3;5156,762;"{""type"": ""Polygon"", ""coordinates"": [[[1.5015266013, 48.9410518412], [1.5912058811, 48.8148669729], [1.5795403954, 48.7018118078], [1.7092486768, 48.5780261001], [1.7653228552, 48.5693745675], [1.8014512894, 48.4660862143], [1.9428970139, 48.4410837861], [2.0046771416, 48.2847705697], [2.1813553737, 48.3137463721], [2.4207604701, 48.2992532779], [2.5061863935, 48.238532108], [2.5381145999, 48.1406508228], [2.7065430376, 48.1248192348], [2.7989459319, 48.1682730522], [2.9363157566, 48.1633917439], [3.0436326434, 48.2720205552], [3.0495229428, 48.3601167542], [3.3651606302, 48.3722824814], [3.4147888225, 48.3902685491], [3.3919585016, 48.4243176588], [3.4234477695, 48.533559074], [3.5459031083, 48.6280654789], [3.4604317355, 48.6530090774], [3.435810347, 48.7535717105], [3.4851833722, 48.8519103086], [3.4032208419, 48.864690111], [3.3047535825, 48.9487669653], [3.1716785231, 49.0141258888], [3.1652303377, 49.0996535544], [3.0696792706, 49.1167355356], [3.0085155423, 49.0915065604], [2.7350099333, 49.0604525157], [2.6332770991, 49.1083726342], [2.5966393582, 49.0816626297], [2.4409039786, 49.1458041116], [2.2524813607, 49.152881479], [2.080885092, 49.2097739285], [1.8852348791, 49.1626360276], [1.7421415991, 49.1801517243], [1.7043588288, 49.2321972209], [1.6233233619, 49.0860784034], [1.5217716034, 49.0685466922], [1.4577570077, 49.0262945711], [1.5015266013, 48.9410518412]]]}";48.7104112655, 2.50352826998
2012;Provence-Alpes-Côte d'Azur;93;HTA;128;393034,0417;4;63179,953;74;305781,8665;15;385385,3966;41;222134,2248;7;292,1004306;;
2012;Auvergne-Rhône-Alpes;84;HTA;67;121195,728;47;757396,107;318;1372100,898;28;446789,3683;57;487325,7143;10;456,6170415;;
2012;Bretagne;53;HTA;18;17556,28964;104;1285280,899;19;12934,20461;19;132158,4719;25;211657,0887;12;1262,27509;;
2013;Grand-Est;44;HTA;24;40757,418;191;3519883,457;169;320574,9348;23;245932,8239;47;478321,0277;13;369,796;;
2013;Île-de-France;11;HTA;8;17711,57692;2;38321,196;5;35097,005;29;767352,4309;77;1009523,695;1;39,441;;
2015;Provence-Alpes-Côte d'Azur;93;HTA;181;759248,4356;6;60198,5121;84;337120,0909;20;410597,083;41;263162,021;10;8426,440038;;
2019;Pays de la Loire;52;HTA;50;113173,8451;99;1889244,605;22;15473,0815;30;340752,3373;80;541364,4121;3;6,888;;
2019;Provence-Alpes-Côte d'Azur;93;HTA;267;1144100,674;5;59252,7955;94;429501,0429;21;410621,5316;56;378588,5259;9;558,5335;;
2019;Grand-Est;44;HTA;61;75673,50802;327;7153932,043;176;311469,9801;69;541005,7292;59;488806,1387;13;241,1834163;;
2018;Bourgogne-Franche-Comté;27;HTA;18;79462,49467;62;1209686,393;135;199599,8253;19;153685,043;22;240011,3318;9;269,0016667;;
2018;Pays de la Loire;52;HTA;46;106808,5903;89;1595122,799;23;17410,507;30;313316,6405;63;490746,5848;3;66,7725;;
2017;Hauts-de-France;32;HTA;15;30691,357;307;5221871,72;10;3072,504;44;482180,07;74;594224,726;1;107,077;;
2017;Centre-Val de Loire;24;HTA;12;42178,806;68;1355531,142;17;20648,574;23;365743,614;32;231999,888;0;0;;
2016;Grand-Est;44;HTA;30;52670,235;270;4619591,815;172;286431,787;42;334492,716;53;411660,4363;13;2587,515;;
2012;Bourgogne-Franche-Comté;27;HTA;9;8667,552462;17;270915,4281;134;245698,9583;13;106869,9241;23;262400,6382;8;523,2429963;;
2012;Pays de la Loire;52;HTA;27;27349,46098;53;884645,7049;22;14095,22497;17;232255,8403;46;404722,2921;1;15863,767;;
2014;Normandie;28;HTA;10;32419,753;62;1045249,905;30;134732,0821;17;97122,46878;35;369759,533;10;738,148;;
2015;Occitanie;76;HTA;302;811992,5601;94;1735181,881;472;1154205,15;21;408402,8657;20;178434,6975;16;1057,172529;;
2019;Normandie;28;HTA;16;52508,16891;91;1763731,629;30;114398,6689;32;128359,452;43;449541,746;3;287,5043333;;
2018;Île-de-France;11;HTA;13;19557,24767;7;142951,3312;5;39734,0385;31;863131,6582;78;1029138,68;1;66,11;;
2018;Normandie;28;HTA;11;33848,23917;82;1454981,292;30;104781,283;28;131468,4405;40;444687,3202;8;203,6208333;;
2017;Occitanie;76;HTA;366;1150698,458;115;2221060,949;479;1087818,764;24;440498,981;26;196699,035;16;1654,221;;
2011;Pays de la Loire;52;HTA;24;7433,426037;45;703318,8946;22;10065,10935;12;190073,2789;49;406570,0376;1;26156,747;;
2011;Normandie;28;HTA;5;817,123733;50;828798,5792;39;100929,2857;10;85532,43475;41;461346,559;11;263,0609998;;
2012;Hauts-de-France;32;HTA;14;28452,64061;155;2630013,1;10;3416,805254;27;354667,2461;71;708255,0249;6;391,507;;
2012;Île-de-France;11;HTA;6;17245,46783;2;41163,422;5;46507,175;27;696952,8965;78;1084747,621;1;6,710719024;;
2012;Normandie;28;HTA;10;21389,39774;52;947994,3439;38;131437,0527;14;90575,60001;41;429739,9948;11;676,318;;
2015;Nouvelle-Aquitaine;75;HTA;162;884541,915;29;504682,349;222;531327,2909;31;358839,841;39;224166,2126;12;554,336;;
2020;BRETAGNE;53;HTA;133;37586,02908;145;2258314,217;20;21081,42917;63;363245,893;125;831225,3547;19;554,3646667;"{""type"": ""Polygon"", ""coordinates"": [[[-1.0701643749, 48.5084920165], [-1.2065516679, 48.5422060873], [-1.2722481273, 48.5339203309], [-1.3772457352, 48.4582827533], [-1.4899417998, 48.4893723567], [-1.571089438, 48.6264411481], [-1.7641502835, 48.6035586262], [-1.8450690325, 48.6163648239], [-1.8561321209, 48.7048545039], [-1.9698310105, 48.6863239089], [-2.0486923175, 48.6369793446], [-2.1151461031, 48.640574814], [-2.223952541, 48.59538226], [-2.3128614052, 48.680924797], [-2.4734313644, 48.6225200302], [-2.6312659297, 48.5381261467], [-2.6815598012, 48.5311288757], [-2.8196028872, 48.5935280749], [-2.8269304595, 48.6505650444], [-3.0293952651, 48.7759142538], [-3.1139737119, 48.866740453], [-3.2317564058, 48.8674118248], [-3.4307313975, 48.797223993], [-3.5132038128, 48.8349994493], [-3.5850133197, 48.7754969753], [-3.5812522674, 48.6700149704], [-3.7332465196, 48.7074179357], [-3.8323743274, 48.7119356588], [-3.8977104457, 48.6463558398], [-3.9757432893, 48.699031896], [-4.1869344611, 48.6864622045], [-4.272765794, 48.6495796567], [-4.3514034206, 48.6761132932], [-4.462769295, 48.6271009575], [-4.5614793437, 48.6238014897], [-4.6306065814, 48.5776933398], [-4.730581475, 48.5563456286], [-4.7933430625, 48.4162359559], [-4.7609158756, 48.3727525735], [-4.6087240374, 48.3378883798], [-4.4417567491, 48.3536153939], [-4.2909479257, 48.341952755], [-4.3080337337, 48.2971633841], [-4.5666092529, 48.2863402422], [-4.564028789, 48.2322275795], [-4.4483574331, 48.2356342779], [-4.3011254538, 48.1914469042], [-4.2717328773, 48.1330539996], [-4.4885983026, 48.0864731034], [-4.6682276451, 48.0702008643], [-4.7230336278, 48.0335996714], [-4.4535767045, 47.9817776353], [-4.3625716178, 47.8892665744], [-4.3624139097, 47.7957394561], [-4.1923054697, 47.7973759297], [-4.1635564221, 47.8491825813], [-3.9024789053, 47.8359405966], [-3.8005952118, 47.7876336], [-3.5323062305, 47.7682790039], [-3.4527575847, 47.6953390921], [-3.3442241173, 47.708359646], [-3.2081335588, 47.663424134], [-3.1232563343, 47.5695082954], [-2.975178853, 47.5760689361], [-2.8511519612, 47.6190212996], [-2.701951183, 47.589922636], [-2.6643333233, 47.5186367306], [-2.5371281384, 47.5256773577], [-2.4412197567, 47.4962379718], [-2.4584933201, 47.4481233293], [-2.3128644981, 47.4644707264], [-2.1073294073, 47.5310543791], [-2.0747327429, 47.6516629644], [-1.8640156729, 47.7069809654], [-1.6548173401, 47.7125893135], [-1.5934046638, 47.776049297], [-1.3904289319, 47.8282762571], [-1.2458850129, 47.77671745], [-1.1539896712, 47.9658166433], [-1.0212596212, 47.9949393086], [-1.1000554557, 48.2592776115], [-1.045019599, 48.3277287276], [-1.0827926456, 48.4330573788], [-1.0701643749, 48.5084920165]]]}";48.1835309472, -2.84175662451
2018;Bretagne;53;HTA;22;20037,47367;130;1766986,781;19;18737,13208;41;317762,9757;92;707596,1123;17;755,4633333;;
2018;Nouvelle-Aquitaine;75;HTA;218;1417985,885;37;751645,939;221;590994,3903;36;487094,119;49;343222,5708;9;476,2401667;;
2016;Centre-Val de Loire;24;HTA;11;38972,909;66;1234810,377;17;37714,94517;20;349669,471;32;222398,377;0;0;;
2016;Normandie;28;HTA;11;32736,2435;74;1182407,285;32;115670,658;23;108954,254;39;388215,585;11;2173,5;;
2016;Auvergne-Rhône-Alpes;84;HTA;94;299565,161;56;808453,395;355;1455031,742;38;650828,782;63;438912,869;14;951,926;;
2017;Bretagne;53;HTA;23;18617,057;133;1545244,709;19;9087,312;43;281979,225;92;666490,055;21;10103,593;;
